frame,x,y
0,962,513
12,967,491
13,975,474
14,979,459
15,984,444
16,982,432
17,984,412
18,981,376
19,979,353
20,973,310
21,973,276
22,971,242
23,977,204
24,972,172
25,976,141
26,991,112
27,995,79
28,993,47
29,990,22
30,982,12
31,971,4
32,953,3
33,925,0
34,899,0
35,879,1
37,852,3
38,834,4
40,813,3
41,797,3
42,783,2
43,758,2
45,734,3
46,714,3
47,686,11
48,653,15
49,626,18
50,583,29
51,524,22
53,483,33
54,446,50
55,415,58
56,388,69
57,350,79
58,331,101
59,309,131
60,289,162
61,268,196
62,252,230
63,247,267
64,253,298
65,271,328
66,293,356
67,336,387
68,375,407
69,428,428
70,464,443
71,497,458
72,583,476
73,617,479
74,667,488
75,705,490
76,752,493
77,798,487
78,856,475
79,897,468
80,929,454
81,968,436
82,1011,421
83,1041,405
84,1054,384
85,1058,355
86,1065,330
87,1072,312
88,1075,286
89,1073,261
90,1058,221
91,1054,198
92,1036,172
93,1018,154
94,989,142
95,959,126
96,931,119
97,898,103
98,861,91
99,833,86
100,813,85
101,776,85
102,760,87
104,701,92
105,669,92
107,641,94
109,592,100
110,577,102
111,557,105
112,541,115
114,527,128
115,517,128
117,508,134
119,498,136
120,487,141
121,479,142
122,476,135
123,470,135
124,459,132
125,450,128
126,450,128
127,448,134
128,448,138
129,450,148
130,456,151
131,460,155
132,462,153
133,470,153
134,456,157
136,462,161
137,470,158
138,470,159
