frame,x_raw,y_raw,x_smooth,y_smooth,dx_norm,dy_norm
92,988.0,463.0,998.0242424242418,461.86666666666656,0.0,-0.0
95,994.0,432.0,991.1393939393936,428.7333333333333,-0.008542942873612992,0.04111291257926386
96,1002.0,393.0,983.8692640692639,399.3142857142857,-0.017563955362261043,0.07761701920684254
97,975.0,372.0,976.2138528138527,373.6095238095238,-0.027063037465944153,0.10951231988273598
98,965.0,352.0,968.1731601731589,351.61904761904714,-0.03704018918466373,0.13679881460694482
99,955.0,335.0,955.0822510822497,334.79220779220736,-0.05328381295843551,0.157678102175943
100,945.0,322.0,944.6883116883104,321.61904761904714,-0.0661809494269626,0.17402378575517172
102,938.0,309.0,941.3463203463191,308.71428571428527,-0.07032780046973756,0.19003643207448834
104,940.0,298.0,939.5974025974012,297.5194805194801,-0.07249791422787386,0.20392730875404308
105,942.0,285.0,941.1038961038948,286.6623376623373,-0.07062860831740002,0.21739920307435373
106,945.0,275.0,945.303030303029,275.2424242424239,-0.06541818667038994,0.2315694013267379
110,949.0,264.0,949.6753246753233,261.6666666666663,-0.05999290227504963,0.24841464079583456
112,954.0,248.0,952.6969696969684,246.1558441558438,-0.05624354731668556,0.26766097147752244
114,957.0,230.0,955.0216450216437,229.5281385281382,-0.05335901492035105,0.2882931668859408
115,955.0,208.0,955.9047619047606,211.03463203463173,-0.05226321490386652,0.3112405084076183
116,955.0,193.0,955.363636363635,193.1818181818179,-0.05293466099239877,0.33339285776047367
117,955.0,177.0,954.4978354978341,175.6406926406924,-0.054008974734050384,0.3551584541663344
118,953.0,159.0,953.8701298701285,159.83549783549762,-0.05478785219674775,0.3747700515201838
119,953.0,147.0,954.246753246752,145.3939393939392,-0.05432052571912922,0.39268960473093195
120,955.0,129.0,954.2164502164488,131.8744588744587,-0.054358126700087134,0.4094650138068212
121,954.0,121.0,953.8138528138516,120.10822510822496,-0.05485768258995496,0.42406493755586605
122,954.0,109.0,952.4155844155831,110.60606060606045,-0.0565926992827223,0.435855530870492
123,950.0,101.0,950.4242424242411,98.86580086580074,-0.0590636208885209,0.4504232252072873
124,947.0,91.0,948.1515151515139,87.80952380952368,-0.06188369446035625,0.4641422116881778
125,943.0,81.0,945.5757575757563,77.46753246753235,-0.06507977784176973,0.4769748893322058
126,943.0,62.0,941.6103896103883,71.21645021645011,-0.07000013477853387,0.48473143454693013
128,938.0,66.0,936.4891774891762,68.42857142857133,-0.07635470056040292,0.48819072479504816
129,928.0,71.0,927.1038961038948,69.89177489177479,-0.0880002615199059,0.48637513457165704
130,915.0,78.0,914.9999999999986,73.98268398268388,-0.10301916762819498,0.4812990021423534
131,900.0,80.0,898.7012987012974,79.19047619047608,-0.12324312381478565,0.47483700498631914
132,877.0,83.0,880.5411255411243,81.74891774891765,-0.14577685454592731,0.4716624078797388
133,863.0,83.0,860.6233766233754,84.94372294372283,-0.17049144217262166,0.4676981901730445
134,838.0,86.0,839.0043290043278,88.80952380952368,-0.19731705630166133,0.4629013793165702
135,818.0,93.0,816.9740259740248,94.50649350649337,-0.22465296945798552,0.4558323948965029
136,793.0,101.0,793.2770562770552,99.40259740259727,-0.2540569365669889,0.4497571506874633
137,769.0,103.0,768.99567099567,102.0476190476189,-0.284186065451607,0.44647512220671776
138,747.0,103.0,745.7705627705618,100.40259740259727,-0.3130045315714104,0.4485163183158557
139,719.0,92.0,722.3376623376613,91.50649350649338,-0.3420808329892102,0.4595548920113256
140,704.0,79.0,701.2857142857133,76.98268398268388,-0.36820277161746806,0.4775765050275307
142,681.0,62.0,682.2467532467523,59.25974025974017,-0.3918269307963861,0.4995677073191383
143,663.0,38.0,665.1601731601722,41.623376623376565,-0.4130285124878798,0.5214514782365808
144,651.0,26.0,650.4199134199125,28.27272727272723,-0.4313187039394977,0.5380173961328479
145,636.0,18.0,635.9783549783541,22.32467532467529,-0.4492382571502459,0.5453979315379942
147,621.0,20.0,622.0822510822502,22.17316017316014,-0.4664809927037536,0.5455859364427833
148,606.0,27.0,605.1515151515143,26.190476190476154,-0.48748919792175,0.54060112068152
149,587.0,37.0,584.3203463203455,29.09956709956706,-0.5133371865458868,0.5369914265095707
150,560.0,31.0,560.1948051948044,31.199134199134157,-0.5432729389570077,0.5343862156860656
151,529.0,29.0,528.4242424242417,28.809523809523768,-0.582694881706912,0.537351321613024
152,497.0,24.0,492.9090909090902,25.76623376623373,-0.6267632313894594,0.5411275344149292
153,460.0,26.0,457.02597402597337,22.995670995670963,-0.6712881644122086,0.5445653383882143
154,414.0,21.0,424.8917748917743,26.48051948051944,-0.7111613189336067,0.5402412255780666
155,395.0,35.0,396.22510822510765,35.48051948051943,-0.7467318469196901,0.5290737342335986
156,375.0,43.0,372.84415584415535,48.064935064935,-0.7757436895129907,0.513458583998693
157,360.0,67.0,356.70995670995615,63.71861471861463,-0.7957635260886677,0.4940349915496327
158,340.0,82.0,343.8181818181813,76.48917748917738,-0.8117600577018595,0.47818886386027204
159,332.0,87.0,331.2294372294367,85.26406926406915,-0.8273805795054734,0.46730069408863345
160,325.0,97.0,321.19480519480476,91.06060606060592,-0.839831875771215,0.4601081635882762
161,309.0,88.0,313.1471861471857,97.46753246753232,-0.8498176219998663,0.45215824190005455
162,308.0,106.0,307.52813852813813,108.60606060606045,-0.856789918183185,0.4383371956137071
163,302.0,119.0,301.84415584415547,123.63203463203446,-0.8638427878971275,0.41969248062734416
164,298.0,151.0,296.8484848484844,142.74025974025955,-0.8700415781864571,0.395982376349094
165,294.0,168.0,293.45021645021603,165.75324675324651,-0.8742582596224394,0.36742711709599535
166,288.0,184.0,288.16450216450176,188.09090909090884,-0.8808169450152223,0.3397098225613848
167,283.0,211.0,283.0865800865797,209.1948051948049,-0.8871177951100088,0.31352342510862785
168,281.0,233.0,278.7489177489174,233.38961038961008,-0.8925001069556832,0.28350172759817477
169,275.0,261.0,273.5844155844152,260.70129870129836,-0.8989083884246348,0.249612500617776
170,275.0,283.0,274.9307359307355,292.0692640692637,-0.8972378305563666,0.2106901137577397
171,281.0,331.0,281.2900432900429,321.49350649350606,-0.8893469961239358,0.17417956124771114
172,289.0,350.0,299.415584415584,353.1904761904757,-0.8668562379424601,0.13484893516584723
173,331.0,387.0,327.3679653679649,382.38961038960986,-0.8321720187932392,0.09861770422864807
174,358.0,402.0,362.6233766233761,408.4372294372289,-0.7884259632331875,0.06629697531106059
175,414.0,437.0,401.8571428571423,429.65800865800804,-0.7397434360302466,0.0399655455031807
176,446.0,449.0,444.9393939393933,451.7878787878782,-0.6862855842456645,0.012506086266566544
177,489.0,468.0,495.6233766233759,472.83116883116816,-0.6233952578093818,-0.01360510922427478
178,536.0,489.0,548.6363636363628,490.5887445887439,-0.5576150274080562,-0.03563928406554848
179,602.0,506.0,598.6839826839819,500.52380952380884,-0.49551432157188724,-0.04796703425100023
180,674.0,519.0,649.4761904761896,509.05627705627626,-0.432489705917898,-0.05855439617497632
181,691.0,504.0,699.4978354978346,513.9134199134191,-0.37042122949397854,-0.06458129626564167
182,735.0,505.0,745.5151515151504,511.23809523809456,-0.31332145412519785,-0.06126166680393843
183,782.0,512.0,784.6363636363625,505.72727272727195,-0.26477858770867163,-0.05442365983832607
184,836.0,506.0,822.8225108225097,499.55411255411184,-0.2173959801331291,-0.046763802860350444
185,866.0,482.0,867.9307359307347,491.60606060605994,-0.16142423419308238,-0.03690160271198909
186,899.0,481.0,908.251082251081,478.5670995670989,-0.11139344324436881,-0.02072243776271647
187,944.0,467.0,945.3463203463191,463.1385281385275,-0.06536447098330732,-0.0015781668864854668
188,986.0,442.0,978.7272727272713,447.48051948051886,-0.02394430467393127,0.01785079713128312
189,1009.0,430.0,1008.6969696969682,429.6926406926401,0.013243065493337723,0.03992257295351459
190,1032.0,411.0,1031.3073593073577,406.40692640692583,0.041298768856568434,0.06881624103523357
191,1046.0,384.0,1044.9480519480505,382.19047619047564,0.05822458185628913,0.09886479638922796
192,1051.0,354.0,1052.7748917748904,356.4372294372289,0.0679363780808194,0.1308202586346539
193,1058.0,330.0,1058.0952380952365,329.33766233766187,0.07453803602326797,0.16444627874834794
194,1058.0,306.0,1060.1774891774876,301.3160173160169,0.07712176057194003,0.19921644299690097
195,1058.0,285.0,1056.3874458874443,288.1017316017312,0.07241895216786029,0.215613156478858
197,1056.0,276.0,1053.3831168831155,281.85064935064895,0.06869108348432955,0.22336970169358236
198,1047.0,272.0,1047.2186147186133,287.2402597402594,0.06104196964377031,0.2166820986518013
209,1028.0,323.0,1040.3181818181804,302.0194805194801,0.052479689122807344,0.19834356308180903
210,1037.5,313.5,1029.6515151515136,323.0714285714281,0.039244143825659904,0.1722216244535512
216,1012.5,350.5,1014.2272727272714,340.5129870129865,0.020105244518137375,0.15057957412798034
217,995.0,364.0,983.5519480519467,366.2792207792203,-0.01795769134857772,0.11860799717642961
218,957.0,381.0,952.8982683982671,384.82900432900374,-0.05599376937175157,0.09559082526154485
219,912.0,393.0,917.5389610389598,407.84199134199076,-0.09986874258080164,0.0670355660084461
223,851.0,456.0,880.6774891774879,426.83333333333275,-0.14560765013161722,0.04347049408531891
224,867.0,434.0,843.8571428571416,447.3722943722937,-0.19129552777970432,0.01798508634898963
225,813.0,457.0,809.7705627705616,463.632034632034,-0.2335912597885266,-0.0021905257192268894
226,756.0,477.0,767.2294372294361,472.7316017316011,-0.2863776654845764,-0.013481563143984871
227,720.0,479.0,707.1558441558432,472.00865800865733,-0.3609189244490705,-0.012584511169705789
228,653.0,471.0,633.4761904761896,471.8917748917742,-0.45234302386361896,-0.012439478814582829
229,554.0,458.0,565.0735930735923,461.44155844155785,-0.5372191810228011,0.0005274880471515294
230,474.0,444.0,499.7835497835491,443.4199134199128,-0.6182331802807459,0.022889328579628988
231,449.0,420.0,440.7965367965362,422.1861471861466,-0.6914261754994673,0.04923687309363368
232,401.0,403.0,397.8051948051942,397.2467532467527,-0.7447712243411759,0.08018248042190715
233,368.0,363.0,370.17316017315966,367.558441558441,-0.7790579474059858,0.11702069862313948
234,340.0,335.0,339.0129870129865,333.99999999999955,-0.8177224989680257,0.15866109924955424
235,317.0,297.0,306.9523809523805,295.52813852813813,-0.8575043368213833,0.20639823035984167
236,291.0,255.0,284.5108225108221,252.66666666666632,-0.885350549004992,0.2595821321403026
237,246.0,214.0,268.1168831168827,211.9177489177486,-0.9056926797031645,0.31014470839113367
238,262.0,165.0,261.9696969696966,170.43722943722918,-0.9133203072688905,0.36161507975366036
239,270.0,131.0,264.8874458874455,134.4978354978353,-0.9096998699595247,0.406209843169617
240,278.0,106.0,276.411255411255,103.02597402597388,-0.8954007540581425,0.4452611476786515
241,298.0,76.0,292.5411255411251,76.67099567099555,-0.8753862890511737,0.4779632579745252
242,308.0,60.0,306.77489177489133,57.07359307359299,-0.8577245711384219,0.5022803495168086
243,326.0,37.0,328.7792207792203,41.077922077922025,-0.8304208873943473,0.5221282958938211
245,350.0,27.0,359.7922077922073,28.238095238095195,-0.7919389691683881,0.5380603686825141
246,395.0,23.0,394.37662337662283,19.86147186147183,-0.7490255067581161,0.5484543541329929
247,443.0,16.0,439.5151515151509,14.779220779220756,-0.6930161598371116,0.5547605757964876
248,489.0,10.0,486.0216450216443,13.502164502164483,-0.6353093972042977,0.5563451885654237
249,521.0,12.0,527.8441558441551,11.861471861471845,-0.5834146719138186,0.5583810131058534
250,579.0,16.0,565.6277056277048,13.255411255411236,-0.5365316202281442,0.5566513679817944
251,596.0,15.0,598.5670995670987,15.857142857142833,-0.49565935392701027,0.5534230551881314
253,620.0,15.0,626.5324675324666,18.099567099567075,-0.46095902007166456,0.5506405825972538
255,660.0,26.0,654.2857142857133,19.372294372294345,-0.4265218930830236,0.5490613413970261
256,677.0,20.0,678.4935064935055,20.67965367965365,-0.3964840808664457,0.5474391276471322
257,701.0,22.0,705.6796536796527,26.3376623376623,-0.3627506293785864,0.5404184873454392
258,738.0,28.0,731.7662337662327,30.285714285714242,-0.3303815563426246,0.535519616683508
259,758.0,36.0,759.5930735930724,34.60606060606056,-0.29585311268594333,0.5301587911126667
260,784.0,50.0,790.4458874458863,40.857142857142804,-0.25756994250218956,0.5224022458979424
261,819.0,39.0,816.7316017316007,47.31601731601725,-0.2249537773056478,0.5143878653852217
262,855.0,53.0,845.2900432900421,52.58008658008651,-0.18951753853727088,0.5078560378359801
263,872.0,57.0,876.8268398268386,56.26623376623368,-0.15038566049761248,0.5032821470808986
264,893.0,67.0,906.3333333333321,61.50649350649341,-0.11377304818212701,0.49677986315955247
265,945.0,68.0,934.4978354978342,70.95454545454535,-0.07882562216620152,0.48505641445377967
266,964.0,76.0,960.1515151515139,81.8008658008657,-0.046993706001065484,0.47159794905523966
267,983.0,96.5,985.9047619047604,96.19264069264057,-0.015038243755639754,0.4537401688846365
268,1007.0,113.0,1006.4502164502151,110.79220779220763,0.010455221333752096,0.4356245534160369
269,1018.0,135.0,1020.7705627705614,129.65151515151496,0.02822437062066903,0.4122233143385116
270,1038.0,146.0,1035.1818181818167,148.25108225108204,0.04610632285045927,0.3891443693834818
271,1046.0,161.0,1046.588744588743,166.30086580086558,0.06026040639671877,0.3667476136544007
272,1056.0,192.0,1054.367965367964,185.72727272727246,0.06991311536545822,0.3426426990760936
273,1060.0,208.0,1060.7142857142842,209.55411255411227,0.07778783509176408,0.3130775849058425
274,1066.0,234.0,1066.0259740259726,237.63203463203428,0.08437874989679656,0.2782375902640821
275,1069.0,264.0,1076.9826839826824,269.25108225108187,0.09797419029739698,0.23900365241896682
282,1076.0,304.0,1076.0649350649337,299.9610389610385,0.09683541773124663,0.2008977440025857
283,1086.0,329.0,1073.3419913419898,331.0952380952376,0.09345670101375221,0.16226542185279527
286,1086.0,359.0,1067.8658008657992,364.7662337662333,0.08666166659780589,0.12048536043996567
291,1032.0,367.0,1064.8614718614704,370.40259740259694,0.08293379791427513,0.11349157798181397
292,1063.0,372.0,1063.6406926406912,350.5757575757571,0.08141901553854651,0.13809336266563493
293,1065.0,355.0,1064.8528138528122,312.9523809523805,0.08292305477685848,0.1847776663091039
302,1080.0,220.0,1068.9696969696956,261.79653679653643,0.08803141661841205,0.24825349373458683
303,1075.0,192.0,1074.1731601731587,209.10822510822481,0.09448804220573787,0.31363085648279304
304,1066.0,164.0,1065.363636363635,161.6017316017314,0.08355689988443309,0.3725784514872146
305,1051.0,135.0,1054.9004329004315,128.23809523809507,0.07057381831657394,0.4139771315217578
306,1035.0,116.0,1036.9696969696956,114.88311688311673,0.04832478072697,0.43054842098673324
307,1019.0,95.0,1016.432900432899,94.6233766233765,0.02284205877499468,0.45568736254138
308,997.0,76.0,991.0865800865788,76.57575757575746,-0.008608476011854889,0.4780814324861069
309,960.0,64.0,962.34199134199,62.380952380952294,-0.04427569223468707,0.49569480628048435
310,932.0,50.0,934.5757575757563,50.577922077922004,-0.07872893392945292,0.5103403883635494
311,899.0,40.0,902.5064935064922,42.83116883116877,-0.11852151492022703,0.5199528105669767
312,875.0,41.0,875.0606060606049,38.66883116883112,-0.1525772605305817,0.5251175738799667
313,856.0,38.0,847.8181818181806,38.818181818181756,-0.18638054241164836,0.5249322547595319
314,810.0,41.5,820.177489177488,43.34415584415578,-0.22067800861387465,0.5193162796750482
315,803.0,48.0,794.6017316017305,49.3679653679653,-0.25241323654226194,0.5118417418175074
316,759.0,59.0,767.086580086579,53.27922077922071,-0.28655492725194887,0.5069885294895965
317,740.0,64.0,737.3506493506483,61.9913419913419,-0.32345223270897205,0.4961782474642276
318,715.0,66.0,710.1082251082241,70.04545454545445,-0.35725551459003857,0.48618444388251386
319,675.0,71.0,675.7835497835489,79.23376623376612,-0.399846682877815,0.4747832892992366
321,640.0,99.0,642.6580086580077,88.55411255411244,-0.44094992663340415,0.4632183018703575
322,614.0,96.0,607.0389610389602,98.61038961038948,-0.48514719396494954,0.4507401477610745
323,569.0,110.0,576.0822510822503,108.55411255411241,-0.5235592817977014,0.4384016544382062
324,544.0,114.0,546.761904761904,115.96969696969681,-0.5599409166587318,0.4292001572409605
325,525.0,120.0,521.6623376623369,119.160173160173,-0.5910852720292109,0.4252413111029745
326,507.0,126.0,501.8874458874451,124.6580086580085,-0.6156225978885327,0.41841941884348705
327,476.0,127.0,488.727272727272,127.99999999999982,-0.6319521667616365,0.414272567800712
328,478.0,128.0,474.4155844155838,131.8744588744587,-0.6497105729111369,0.4094650138068212
331,468.0,134.0,461.32034632034566,131.4805194805193,-0.6659595682536168,0.40995382655927265
332,453.0,134.0,449.94805194805133,129.06493506493487,-0.6800706792502103,0.4129511618984806
333,434.0,129.0,439.95238095238034,125.79653679653663,-0.6924736313975776,0.4170066962732152
334,430.0,115.0,429.06493506493445,122.3939393939392,-0.705983126698846,0.42122874927790593
336,424.0,120.0,423.8658008658002,120.15151515151499,-0.7124343807174638,0.42401122186878343
337,422.0,123.0,425.06926406926345,123.22510822510804,-0.7109410846165681,0.4201974080859204
338,431.0,131.0,432.2077922077916,132.7792207792206,-0.7020833678166508,0.4083423559467953
339,441.0,143.0,441.39393939393875,145.0173160173158,-0.6906848990177278,0.3931569312085504
340,454.0,161.0,452.4242424242418,157.95238095238074,-0.6769981419490867,0.37710668390827595
341,465.0,174.0,461.49350649350583,170.225108225108,-0.6657447055052865,0.361878286620365
342,469.0,177.0,467.3766233766227,181.78787878787853,-0.6584447436307642,0.3475308266006083
343,472.0,192.0,472.4502164502158,190.01731601731575,-0.6521492651046858,0.33731947448621014
344,472.0,192.0,477.4826839826839,193.91471861471857,-0.6459048164813356,0.33248345117816525
345,479.0,200.0,481.74675324675314,194.67359307359303,-0.6406138213037015,0.33154181518360776
346,488.0,192.0,485.2424242424241,192.29393939393935,-0.6362762795717833,0.334494566502537
347,489.0,185.0,487.96969696969677,186.7757575757575,-0.6328921912855809,0.3413417051349534
