waypoint,dx_norm,dy_norm
0,0.0,-0.0
1,0.01137957876600719,0.20838092130831926
2,0.013109445763991017,0.42107224703028945
3,0.015562218680349748,0.6272845111814415
4,-0.19494288328937676,0.6370659644461383
5,-0.4071256106767838,0.6228506900113332
6,-0.6185944589092188,0.5953126392664997
7,-0.8168292019579028,0.5231007138486299
8,-0.9360561259878252,0.3501924217609822
9,-0.8758664975976173,0.16341774134000725
10,-0.6884817485038367,0.06346420217936662
11,-0.4823736261149511,0.009200054026925317
12,-0.27020084474306033,-0.0045296022264979625
13,-0.061704110465335825,0.03715824349749226
14,0.11525399699985851,0.14708173879583036
15,0.12173610364717838,0.3545681503125097
16,-0.037220191697070006,0.4845261305848101
17,-0.24399376193532582,0.5289592499977583
18,-0.45684457584082605,0.5143804815083801
19,-0.6574687725966548,0.4636179304104883
