waypoint,target_x,target_y,target_z,actual_x,actual_y,actual_z
0,-0.2084646605658239,0.0,1.1732794757296405,-0.2084646605658239,0.0,1.1732794757296405
1,-0.20480610935349097,0.008354664750294841,1.1732794757296405,-0.20789508506964852,0.0017304405753991168,1.1731207905926921
2,-0.20288568466736667,0.01728042225081186,1.1732794757296405,-0.20566941427113553,0.009926619613268281,1.17282183314884
3,-0.2021054487428789,0.026363213981003282,1.1732794757296405,-0.20409663093714925,0.018689074975273542,1.1727152061400583
4,-0.2036442849549858,0.03532803431060438,1.1732794757296405,-0.20411120790317563,0.02756402448123955,1.1727645514475322
5,-0.20692747755563753,0.0438511094329327,1.1732794757296405,-0.20527990001307006,0.036296086527490945,1.173146927762686
6,-0.21116134582974333,0.05194181428540785,1.1732794757296405,-0.20791877962007274,0.04470143826206321,1.1735512863801427
7,-0.2161465194708222,0.05960133683652261,1.1732794757296405,-0.21224229721624802,0.053470980561003446,1.1738327770294115
8,-0.22120911560422402,0.0672085022589716,1.1732794757296405,-0.21661640722817482,0.06079575477728332,1.1739267854947875
9,-0.22668464101663605,0.07452173961095707,1.1732794757296405,-0.22214897234102232,0.06884563348151755,1.1739285764820115
10,-0.23268884460789455,0.08138569315727633,1.1732794757296405,-0.22740245139131943,0.07553188967389018,1.1739481583463314
11,-0.24072481157979653,0.08546841937424027,1.1732794757296405,-0.23473485760102536,0.08138481761302412,1.1740186949121538
12,-0.2498367111575232,0.08517272530027364,1.1732794757296405,-0.24230430504418743,0.08341821691478774,1.1741004736810954
13,-0.2586816500107183,0.08290020983915973,1.1732794757296405,-0.25074421312785944,0.08317375545093737,1.1740597899579732
14,-0.26728236534029803,0.07983630959474103,1.1732794757296405,-0.2603808262724098,0.08140549283312074,1.1738565578218738
15,-0.2748488485424858,0.07476286698917083,1.1732794757296405,-0.26805223367725756,0.07806064457186952,1.1737652267774321
16,-0.28104890979580543,0.06807039025763814,1.1732794757296405,-0.275004185961732,0.07288793920579818,1.173684557912505
17,-0.28481607575379175,0.059867999646938834,1.1732794757296405,-0.2804446235947529,0.06608361321163413,1.173504834844381
18,-0.2883318678712842,0.05179661024237236,1.1732794757296405,-0.2847295859360589,0.05853482708981022,1.1734290837444288
19,-0.2929833395339555,0.04392856043812821,1.1732794757296405,-0.2890052205918862,0.050803420559414864,1.173505358309236
