waypoint,target_x,target_y,target_z,eef_x,eef_y,eef_z,bowl_x,bowl_y,bowl_z
0,-0.09827191283344196,0.04882224707303025,0.982838416628838,-0.09827191283344196,0.04882224707303025,0.982838416628838,-0.08001936744802925,0.008186955126568984,0.9614008681966989
1,-0.09073625876307202,0.05815428836576248,0.982838416628838,-0.0858173190329732,0.056624467128656264,0.9884098545891038,-0.0700596787023336,0.015673503305378225,0.9645889361097004
2,-0.08320060469270209,0.06748632965849471,0.982838416628838,-0.08581597890113637,0.060396278754716426,0.9853654965796796,-0.07038059536445382,0.019357823423946634,0.961195436514224
3,-0.07566495062233214,0.07681837095122696,0.982838416628838,-0.08015091061116925,0.07062580034175624,0.9829672759704813,-0.06623902784849399,0.029287934284118515,0.9579898709472742
4,-0.0681292965519622,0.08615041224395918,0.982838416628838,-0.07307920189793095,0.08017804453839693,0.9822492375874444,-0.06171800425443929,0.038513375275871696,0.9563472521438037
5,-0.06059364248159227,0.09548245353669141,0.982838416628838,-0.06563024271452296,0.08955874306440618,0.9820446653148782,-0.05626191560432317,0.04777852204637727,0.9554424379692897
6,-0.053057988411222334,0.10481449482942365,0.982838416628838,-0.05810649909024724,0.09888614664214464,0.9819731438372471,-0.05060974844463483,0.05711691867563698,0.9547159248801784
7,-0.04552233434085239,0.11414653612215589,0.982838416628838,-0.05056553258789456,0.108198704342761,0.9819387681164303,-0.044865923529958704,0.06651713212973387,0.9540378200737344
8,-0.03798668027048246,0.12347857741488812,0.982838416628838,-0.04302211311507139,0.11750766721302522,0.9819135723329082,-0.03896643903524502,0.0759744030601514,0.9534223359578531
9,-0.030451026200112516,0.13281061870762034,0.982838416628838,-0.03548026065883524,0.12681625690691925,0.9818891698706306,-0.03299654874731365,0.08552644627548985,0.9528042472043898
10,-0.02291537212974258,0.14214266000035258,0.982838416628838,-0.027941400076485684,0.13612501929510087,0.9818626803662216,-0.029922965993936793,0.09881511551571621,0.9439916764834118
11,-0.015379718059372632,0.15147470129308482,0.982838416628838,-0.02040596768688211,0.14543499058197967,0.9818335114118578,-0.022478766495325216,0.10814097261075903,0.9439549881325258
12,-0.007844063989002711,0.16080674258581706,0.982838416628838,-0.01287476366081633,0.15474540188979147,0.9818006400333943,-0.01503522696833813,0.11746631427447084,0.9439149077489862
13,-0.00030840991863277656,0.17013878387854928,0.982838416628838,-0.005348940566386798,0.16405611830050792,0.9817631892065857,-0.0075933083516313065,0.12679117627956635,0.9438704436630883
14,0.007227244151737172,0.17947082517128154,0.982838416628838,0.002599449396018659,0.17380388912312827,0.9817971726486172,0.0002614803991684428,0.13655146306688493,0.9438995231937953
15,0.014762898222107107,0.18880286646401379,0.982838416628838,0.009764367325168236,0.1827896351263729,0.9816553305338219,0.007361765628580962,0.14555358028228424,0.9437466668464605
16,0.022298552292477042,0.19813490775674597,0.982838416628838,0.01761606244188573,0.19245054039931,0.9816730261167793,0.015123565610333867,0.1552238787209247,0.9437617060470394
17,0.029834206362846963,0.2074669490494782,0.982838416628838,0.025184981309225734,0.20184807037235028,0.9816097344324082,0.022621589044678186,0.16463518222983653,0.9436899399125498
18,0.037369860433216925,0.21679899034221045,0.982838416628838,0.03264545864934605,0.21117511034833028,0.9815059426059296,0.030013956874925262,0.17397491629807835,0.943578208028795
19,0.04490551450358686,0.2261310316349427,0.982838416628838,0.04008217131636412,0.2204997883646423,0.9813980653278652,0.03738608253687232,0.18331197043775477,0.9434621619000755
